Lloyds,Hemangini Naik,GBP,15000
TSB,Nishant Naik,GBP,25000
SBI Bank,Hemangini Kulkarni,INR,1500000
ICICI,Les Bennet,INR,150000
HSBC,Ric Marshal,USD,15000
Barclays,Ben stepson,PKR,340000
Royal Bank,Ellie kevin,FRF,680000
Standard Bank,Kevin yates,GRD,590000
Santander,Rich Hilyard,JPY,67000
Axis,Chris Hill,AUD,97000
Lloyds,Hemangini Naik,GBP,15000
TSB,Nishant Naik,GBP,25000
SBI Bank,Hemangini Kulkarni,INR,1500000
ICICI,Les Bennet,INR,150000
HSBC,Ric Marshal,USD,15000
Barclays,Ben stepson,PKR,340000
Royal Bank,Ellie kevin,FRF,680000
Standard Bank,Kevin yates,GRD,590000
Santander,Rich Hilyard,JPY,67000
Axis,Chris Hill,AUD,97000
Lloyds,Hemangini Naik,GBP,15000
TSB,Nishant Naik,GBP,25000
SBI Bank,Hemangini Kulkarni,INR,1500000
ICICI,Les Bennet,INR,150000
HSBC,Ric Marshal,USD,15000
Barclays,Ben stepson,PKR,340000
Royal Bank,Ellie kevin,FRF,680000
Standard Bank,Kevin yates,GRD,590000
Santander,Rich Hilyard,JPY,67000
Axis,Chris Hill,AUD,97000
Lloyds,Hemangini Naik,GBP,15000
TSB,Nishant Naik,GBP,25000
SBI Bank,Hemangini Kulkarni,INR,1500000
ICICI,Les Bennet,INR,150000
HSBC,Ric Marshal,USD,15000
Barclays,Ben stepson,PKR,340000
Royal Bank,Ellie kevin,FRF,680000
Standard Bank,Kevin yates,GRD,590000
Santander,Rich Hilyard,JPY,67000
Axis,Chris Hill,AUD,97000
Lloyds,Hemangini Naik,GBP,15000
TSB,Nishant Naik,GBP,25000
SBI Bank,Hemangini Kulkarni,INR,1500000
ICICI,Les Bennet,INR,150000
HSBC,Ric Marshal,USD,15000
Barclays,Ben stepson,PKR,340000
Royal Bank,Ellie kevin,FRF,680000
Standard Bank,Kevin yates,GRD,590000
Santander,Rich Hilyard,JPY,67000
Axis,Chris Hill,AUD,97000
Lloyds,Hemangini Naik,GBP,15000
TSB,Nishant Naik,GBP,25000
SBI Bank,Hemangini Kulkarni,INR,1500000
ICICI,Les Bennet,INR,150000
HSBC,Ric Marshal,USD,15000
Barclays,Ben stepson,PKR,340000
Royal Bank,Ellie kevin,FRF,680000
Standard Bank,Kevin yates,GRD,590000
Santander,Rich Hilyard,JPY,67000
Axis,Chris Hill,AUD,97000
Lloyds,Hemangini Naik,GBP,15000
TSB,Nishant Naik,GBP,25000
SBI Bank,Hemangini Kulkarni,INR,1500000
ICICI,Les Bennet,INR,150000
HSBC,Ric Marshal,USD,15000
Barclays,Ben stepson,PKR,340000
Royal Bank,Ellie kevin,FRF,680000
Standard Bank,Kevin yates,GRD,590000
Santander,Rich Hilyard,JPY,67000
Axis,Chris Hill,AUD,97000
Lloyds,Hemangini Naik,GBP,15000
TSB,Nishant Naik,GBP,25000
SBI Bank,Hemangini Kulkarni,INR,1500000
ICICI,Les Bennet,INR,150000
HSBC,Ric Marshal,USD,15000
Barclays,Ben stepson,PKR,340000
Royal Bank,Ellie kevin,FRF,680000
Standard Bank,Kevin yates,GRD,590000
Santander,Rich Hilyard,JPY,67000
Axis,Chris Hill,AUD,97000
Lloyds,Hemangini Naik,GBP,15000
TSB,Nishant Naik,GBP,25000
SBI Bank,Hemangini Kulkarni,INR,1500000
ICICI,Les Bennet,INR,150000
HSBC,Ric Marshal,USD,15000
Barclays,Ben stepson,PKR,340000
Royal Bank,Ellie kevin,FRF,680000
Standard Bank,Kevin yates,GRD,590000
Santander,Rich Hilyard,JPY,67000
Axis,Chris Hill,AUD,97000
Lloyds,Hemangini Naik,GBP,15000
TSB,Nishant Naik,GBP,25000
SBI Bank,Hemangini Kulkarni,INR,1500000
ICICI,Les Bennet,INR,150000
HSBC,Ric Marshal,USD,15000
Barclays,Ben stepson,PKR,340000
Royal Bank,Ellie kevin,FRF,680000
Standard Bank,Kevin yates,GRD,590000
Santander,Rich Hilyard,JPY,67000
Axis,Chris Hill,AUD,97000
